" ;"" "";"" "";""SLOVENIJA"";""Zahodna Slovenija"";""..Obalno-kraška"";""..Goriška"";""..Gorenjska"";""..Osrednjeslovenska"";""Vzhodna Slovenija"";""..Notranjsko-kraška"";""..Jugovzhodna Slovenija"";""..Spodnjeposavska"";""..Zasavska"";""..Savinjska"";""..Koroška"";""..Podravska"";""..Pomurska""",,,
2000,,,
" ;""Mio EUR (fiksni teèaj 2007)""",,,
" ;"" "";""Skupaj dejavnosti"";16177;8748;909;955;1421;5464;7428;331;1043;498;296;1875;505;2143;737",,,
" ;"" "";""A Kmetijstvo"," gozdarstvo in ribištvo"";543;162;15;37;38;73;381;27;68;30;6;74;24;84;68",,
" ;"" "";""BCDE Predelovalne dejavnosti"," rudarstvo in druga industrija"";4539;1966;153;298;522;994;2573;108;408;199;135;706;220;593;204",,
" ;"" "";""..od tega: C Predelovalne dejavnosti"";3954;1788;131;271;495;891;2166;103;393;113;86;560;195;526;191",,,
" ;"" "";""F Gradbeništvo"";1076;557;72;89;72;324;519;22;70;39;19;140;25;144;59",,,
" ;"" "";""GHI Trgovina", gostinstvo," promet"";3040;1864;306;140;292;1126;1176;53;121;75;32;331;70;368;126",
" ;"" "";""J Informacijske in komunikacijske dejavnosti"";624;483;28;16;26;413;141;3;14;3;9;33;5;62;14",,,
" ;"" "";""K Finanène in zavarovalniške dejavnosti"";787;498;49;39;48;363;289;10;35;13;10;59;13;111;37",,,
" ;"" "";""L Poslovanje z nepremièninami"";1276;612;69;77;125;342;663;33;84;43;26;158;43;198;78",,,
" ;"" "";""MN Strokovne", znanstvene," tehniène in druge posl. dejavnosti"";1146;705;40;41;65;558;442;18;93;23;15;79;23;170;21",
" ;"" "";""OPQ Uprava in obramba", obv. soc. varnost, izob.," zdravstvo"";2607;1519;135;130;196;1058;1088;47;136;67;37;249;72;365;116"
" ;"" "";""RSTU Druge dejavnosti"";539;382;42;90;37;213;158;10;15;8;7;46;10;49;13",,,
" ;""Struktura po regijah (Slovenija = 100%)""",,,
" ;"" "";""Skupaj dejavnosti"";100.0;54.1;5.6;5.9;8.8;33.8;45.9;2.0;6.4;3.1;1.8;11.6;3.1;13.2;4.6",,,
" ;"" "";""A Kmetijstvo"," gozdarstvo in ribištvo"";100.0;29.9;2.7;6.8;6.9;13.5;70.1;4.9;12.5;5.6;1.1;13.6;4.5;15.4;12.6",,
" ;"" "";""BCDE Predelovalne dejavnosti"," rudarstvo in druga industrija"";100.0;43.3;3.4;6.6;11.5;21.9;56.7;2.4;9.0;4.4;3.0;15.6;4.8;13.1;4.5",,
" ;"" "";""..od tega: C Predelovalne dejavnosti"";100.0;45.2;3.3;6.8;12.5;22.5;54.8;2.6;9.9;2.8;2.2;14.2;4.9;13.3;4.8",,,
" ;"" "";""F Gradbeništvo"";100.0;51.8;6.7;8.3;6.7;30.1;48.2;2.0;6.5;3.6;1.8;13.0;2.3;13.4;5.5",,,
" ;"" "";""GHI Trgovina", gostinstvo," promet"";100.0;61.3;10.1;4.6;9.6;37.0;38.7;1.7;4.0;2.5;1.0;10.9;2.3;12.1;4.1",
" ;"" "";""J Informacijske in komunikacijske dejavnosti"";100.0;77.4;4.5;2.5;4.2;66.1;22.6;0.5;2.2;0.5;1.4;5.3;0.8;9.9;2.2",,,
" ;"" "";""K Finanène in zavarovalniške dejavnosti"";100.0;63.3;6.2;4.9;6.1;46.1;36.7;1.3;4.4;1.6;1.3;7.5;1.7;14.1;4.7",,,
" ;"" "";""L Poslovanje z nepremièninami"";100.0;48.0;5.4;6.0;9.8;26.8;52.0;2.6;6.6;3.4;2.0;12.4;3.4;15.5;6.1",,,
" ;"" "";""MN Strokovne", znanstvene," tehniène in druge posl. dejavnosti"";100.0;61.5;3.5;3.6;5.7;48.7;38.5;1.6;8.1;2.0;1.3;6.9;2.0;14.8;1.9",
" ;"" "";""OPQ Uprava in obramba", obv. soc. varnost, izob.," zdravstvo"";100.0;58.3;5.2;5.0;7.5;40.6;41.7;1.8;5.2;2.6;1.4;9.6;2.8;14.0;4.5"
" ;"" "";""RSTU Druge dejavnosti"";100.0;70.8;7.8;16.7;6.8;39.5;29.2;1.9;2.8;1.5;1.3;8.4;1.8;9.1;2.4",,,
" ;""Struktura po dejavnostih (%)""",,,
" ;"" "";""Skupaj dejavnosti"";100.0;100.0;100.0;100.0;100.0;100.0;100.0;100.0;100.0;100.0;100.0;100.0;100.0;100.0;100.0",,,
" ;"" "";""A Kmetijstvo"," gozdarstvo in ribištvo"";3.4;1.9;1.6;3.9;2.6;1.3;5.1;8.1;6.5;6.1;2.1;3.9;4.8;3.9;9.3",,
" ;"" "";""BCDE Predelovalne dejavnosti"," rudarstvo in druga industrija"";28.1;22.5;16.8;31.2;36.7;18.2;34.6;32.7;39.1;39.8;45.6;37.6;43.6;27.7;27.7",,
" ;"" "";""..od tega: C Predelovalne dejavnosti"";24.4;20.4;14.4;28.3;34.8;16.3;29.2;31.0;37.7;22.6;29.0;29.9;38.7;24.5;25.9",,,
" ;"" "";""F Gradbeništvo"";6.7;6.4;7.9;9.3;5.1;5.9;7.0;6.6;6.7;7.8;6.5;7.5;5.0;6.7;8.0",,,
" ;"" "";""GHI Trgovina", gostinstvo," promet"";18.8;21.3;33.6;14.7;20.6;20.6;15.8;16.0;11.6;15.0;10.8;17.7;13.8;17.2;17.1",
" ;"" "";""J Informacijske in komunikacijske dejavnosti"";3.9;5.5;3.1;1.6;1.8;7.6;1.9;0.8;1.3;0.6;2.9;1.8;0.9;2.9;1.9",,,
" ;"" "";""K Finanène in zavarovalniške dejavnosti"";4.9;5.7;5.4;4.0;3.4;6.6;3.9;3.2;3.3;2.5;3.5;3.1;2.6;5.2;5.0",,,
" ;"" "";""L Poslovanje z nepremièninami"";7.9;7.0;7.6;8.0;8.8;6.3;8.9;10.0;8.1;8.6;8.7;8.4;8.6;9.2;10.6",,,
" ;"" "";""MN Strokovne", znanstvene," tehniène in druge posl. dejavnosti"";7.1;8.1;4.4;4.3;4.6;10.2;5.9;5.5;8.9;4.5;5.1;4.2;4.5;7.9;2.9",
" ;"" "";""OPQ Uprava in obramba", obv. soc. varnost, izob.," zdravstvo"";16.1;17.4;14.9;13.6;13.8;19.4;14.6;14.1;13.0;13.4;12.5;13.3;14.2;17.0;15.8"
" ;"" "";""RSTU Druge dejavnosti"";3.3;4.4;4.6;9.4;2.6;3.9;2.1;3.0;1.5;1.7;2.3;2.4;1.9;2.3;1.8",,,
2001,,,
" ;""Mio EUR (fiksni teèaj 2007)""",,,
" ;"" "";""Skupaj dejavnosti"";18173;9885;1012;1078;1615;6180;8288;359;1199;556;315;2071;571;2407;810",,,
" ;"" "";""A Kmetijstvo"," gozdarstvo in ribištvo"";550;166;16;38;39;73;384;27;69;31;6;75;25;83;67",,
" ;"" "";""BCDE Predelovalne dejavnosti"," rudarstvo in druga industrija"";5136;2196;173;343;581;1099;2940;117;494;234;140;790;252;686;227",,
" ;"" "";""..od tega: C Predelovalne dejavnosti"";4460;1978;148;311;549;971;2482;110;481;128;94;629;222;606;211",,,
" ;"" "";""F Gradbeništvo"";1142;588;76;95;78;339;553;26;78;42;19;147;25;157;59",,,
" ;"" "";""GHI Trgovina", gostinstvo," promet"";3458;2129;339;162;341;1287;1329;59;143;81;36;364;83;417;146",
" ;"" "";""J Informacijske in komunikacijske dejavnosti"";728;570;33;18;28;492;158;3;14;3;10;37;6;71;14",,,
" ;"" "";""K Finanène in zavarovalniške dejavnosti"";805;512;49;39;52;372;293;10;33;11;9;60;13;120;35",,,
" ;"" "";""L Poslovanje z nepremièninami"";1434;688;78;87;141;382;746;37;95;48;29;179;49;221;89",,,
" ;"" "";""MN Strokovne", znanstvene," tehniène in druge posl. dejavnosti"";1317;861;47;44;76;694;456;18;86;23;16;82;26;178;27",
" ;"" "";""OPQ Uprava in obramba", obv. soc. varnost, izob.," zdravstvo"";3024;1756;157;149;224;1226;1268;54;170;74;42;291;83;421;133"
" ;"" "";""RSTU Druge dejavnosti"";580;419;44;103;56;216;160;9;15;8;7;46;10;53;12",,,
" ;""Struktura po regijah (Slovenija = 100%)""",,,
" ;"" "";""Skupaj dejavnosti"";100.0;54.4;5.6;5.9;8.9;34.0;45.6;2.0;6.6;3.1;1.7;11.4;3.1;13.2;4.5",,,
" ;"" "";""A Kmetijstvo"," gozdarstvo in ribištvo"";100.0;30.2;2.9;6.9;7.0;13.3;69.8;5.0;12.6;5.6;1.1;13.7;4.5;15.1;12.2",,
" ;"" "";""BCDE Predelovalne dejavnosti"," rudarstvo in druga industrija"";100.0;42.8;3.4;6.7;11.3;21.4;57.2;2.3;9.6;4.6;2.7;15.4;4.9;13.4;4.4",,
" ;"" "";""..od tega: C Predelovalne dejavnosti"";100.0;44.3;3.3;7.0;12.3;21.8;55.7;2.5;10.8;2.9;2.1;14.1;5.0;13.6;4.7",,,
" ;"" "";""F Gradbeništvo"";100.0;51.5;6.7;8.3;6.8;29.7;48.5;2.3;6.9;3.7;1.7;12.9;2.2;13.7;5.2",,,
" ;"" "";""GHI Trgovina", gostinstvo," promet"";100.0;61.6;9.8;4.7;9.8;37.2;38.4;1.7;4.1;2.3;1.0;10.5;2.4;12.1;4.2",
" ;"" "";""J Informacijske in komunikacijske dejavnosti"";100.0;78.3;4.5;2.4;3.8;67.5;21.7;0.4;1.9;0.4;1.4;5.1;0.8;9.8;2.0",,,
" ;"" "";""K Finanène in zavarovalniške dejavnosti"";100.0;63.6;6.1;4.9;6.4;46.2;36.4;1.3;4.1;1.4;1.2;7.4;1.7;14.9;4.4",,,
" ;"" "";""L Poslovanje z nepremièninami"";100.0;48.0;5.5;6.1;9.8;26.6;52.0;2.6;6.6;3.4;2.0;12.5;3.4;15.4;6.2",,,
" ;"" "";""MN Strokovne", znanstvene," tehniène in druge posl. dejavnosti"";100.0;65.4;3.6;3.4;5.8;52.7;34.6;1.3;6.5;1.8;1.2;6.2;2.0;13.5;2.1",
" ;"" "";""OPQ Uprava in obramba", obv. soc. varnost, izob.," zdravstvo"";100.0;58.1;5.2;4.9;7.4;40.5;41.9;1.8;5.6;2.5;1.4;9.6;2.8;13.9;4.4"
" ;"" "";""RSTU Druge dejavnosti"";100.0;72.4;7.6;17.7;9.7;37.3;27.6;1.5;2.7;1.4;1.2;8.0;1.7;9.2;2.1",,,
" ;""Struktura po dejavnostih (%)""",,,
" ;"" "";""Skupaj dejavnosti"";100.0;100.0;100.0;100.0;100.0;100.0;100.0;100.0;100.0;100.0;100.0;100.0;100.0;100.0;100.0",,,
" ;"" "";""A Kmetijstvo"," gozdarstvo in ribištvo"";3.0;1.7;1.6;3.5;2.4;1.2;4.6;7.6;5.8;5.5;1.9;3.6;4.4;3.4;8.3",,
" ;"" "";""BCDE Predelovalne dejavnosti"," rudarstvo in druga industrija"";28.3;22.2;17.1;31.8;36.0;17.8;35.5;32.4;41.2;42.1;44.5;38.1;44.0;28.5;28.0",,
" ;"" "";""..od tega: C Predelovalne dejavnosti"";24.5;20.0;14.6;28.8;34.0;15.7;29.9;30.7;40.2;23.1;29.8;30.4;38.8;25.2;26.1",,,
" ;"" "";""F Gradbeništvo"";6.3;5.9;7.5;8.8;4.8;5.5;6.7;7.2;6.5;7.6;6.1;7.1;4.4;6.5;7.3",,,
" ;"" "";""GHI Trgovina", gostinstvo," promet"";19.0;21.5;33.5;15.0;21.1;20.8;16.0;16.5;11.9;14.6;11.3;17.6;14.5;17.3;18.0",
" ;"" "";""J Informacijske in komunikacijske dejavnosti"";4.0;5.8;3.3;1.6;1.7;8.0;1.9;0.9;1.2;0.5;3.2;1.8;1.0;3.0;1.8",,,
" ;"" "";""K Finanène in zavarovalniške dejavnosti"";4.4;5.2;4.8;3.7;3.2;6.0;3.5;2.8;2.8;2.0;3.0;2.9;2.4;5.0;4.4",,,
" ;"" "";""L Poslovanje z nepremièninami"";7.9;7.0;7.7;8.1;8.7;6.2;9.0;10.3;7.9;8.7;9.3;8.6;8.6;9.2;10.9",,,
" ;"" "";""MN Strokovne", znanstvene," tehniène in druge posl. dejavnosti"";7.2;8.7;4.6;4.1;4.7;11.2;5.5;4.9;7.2;4.2;5.1;4.0;4.5;7.4;3.4",
" ;"" "";""OPQ Uprava in obramba", obv. soc. varnost, izob.," zdravstvo"";16.6;17.8;15.5;13.9;13.8;19.8;15.3;15.0;14.2;13.4;13.2;14.1;14.6;17.5;16.5"
" ;"" "";""RSTU Druge dejavnosti"";3.2;4.2;4.4;9.5;3.5;3.5;1.9;2.4;1.3;1.4;2.2;2.2;1.7;2.2;1.5",,,
2002,,,
" ;""Mio EUR (fiksni teèaj 2007)""",,,
" ;"" "";""Skupaj dejavnosti"";20212;10987;1134;1189;1793;6870;9225;396;1328;627;339;2341;615;2709;870",,,
" ;"" "";""A Kmetijstvo"," gozdarstvo in ribištvo"";659;199;18;46;47;88;461;33;81;38;8;92;28;102;81",,
" ;"" "";""BCDE Predelovalne dejavnosti"," rudarstvo in druga industrija"";5677;2401;189;378;641;1194;3275;132;543;268;147;913;269;763;240",,
" ;"" "";""..od tega: C Predelovalne dejavnosti"";4899;2161;162;342;606;1051;2738;126;529;132;98;727;237;666;223",,,
" ;"" "";""F Gradbeništvo"";1216;628;81;99;84;365;588;30;80;42;20;156;25;175;59",,,
" ;"" "";""GHI Trgovina", gostinstvo," promet"";3870;2402;383;177;381;1461;1468;64;162;84;39;409;91;463;155",
" ;"" "";""J Informacijske in komunikacijske dejavnosti"";746;590;32;17;31;510;157;3;15;3;7;37;5;71;15",,,
" ;"" "";""K Finanène in zavarovalniške dejavnosti"";901;598;54;45;50;448;303;10;32;12;10;63;14;136;26",,,
" ;"" "";""L Poslovanje z nepremièninami"";1585;763;86;96;154;426;822;41;105;53;32;195;54;246;96",,,
" ;"" "";""MN Strokovne", znanstvene," tehniène in druge posl. dejavnosti"";1653;1048;71;61;102;814;605;19;109;35;24;109;27;241;39",
" ;"" "";""OPQ Uprava in obramba", obv. soc. varnost, izob.," zdravstvo"";3312;1925;171;163;249;1343;1387;59;186;83;45;318;91;459;146"
" ;"" "";""RSTU Druge dejavnosti"";593;434;49;107;56;222;160;5;16;8;5;48;11;54;13",,,
" ;""Struktura po regijah (Slovenija = 100%)""",,,
" ;"" "";""Skupaj dejavnosti"";100.0;54.4;5.6;5.9;8.9;34.0;45.6;2.0;6.6;3.1;1.7;11.6;3.0;13.4;4.3",,,
" ;"" "";""A Kmetijstvo"," gozdarstvo in ribištvo"";100.0;30.1;2.7;7.0;7.1;13.4;69.9;5.0;12.2;5.8;1.2;13.9;4.2;15.4;12.2",,
" ;"" "";""BCDE Predelovalne dejavnosti"," rudarstvo in druga industrija"";100.0;42.3;3.3;6.7;11.3;21.0;57.7;2.3;9.6;4.7;2.6;16.1;4.7;13.4;4.2",,
" ;"" "";""..od tega: C Predelovalne dejavnosti"";100.0;44.1;3.3;7.0;12.4;21.5;55.9;2.6;10.8;2.7;2.0;14.8;4.8;13.6;4.5",,,
" ;"" "";""F Gradbeništvo"";100.0;51.7;6.7;8.1;6.9;30.0;48.3;2.5;6.6;3.5;1.7;12.9;2.1;14.4;4.9",,,
" ;"" "";""GHI Trgovina", gostinstvo," promet"";100.0;62.1;9.9;4.6;9.9;37.7;37.9;1.7;4.2;2.2;1.0;10.6;2.3;12.0;4.0",
" ;"" "";""J Informacijske in komunikacijske dejavnosti"";100.0;79.0;4.3;2.3;4.1;68.4;21.0;0.4;1.9;0.4;1.0;4.9;0.7;9.6;2.0",,,
" ;"" "";""K Finanène in zavarovalniške dejavnosti"";100.0;66.3;6.0;5.0;5.5;49.7;33.7;1.1;3.5;1.3;1.2;7.0;1.6;15.1;2.9",,,
" ;"" "";""L Poslovanje z nepremièninami"";100.0;48.1;5.5;6.0;9.7;26.9;51.9;2.6;6.6;3.3;2.0;12.3;3.4;15.5;6.1",,,
" ;"" "";""MN Strokovne", znanstvene," tehniène in druge posl. dejavnosti"";100.0;63.4;4.3;3.7;6.2;49.3;36.6;1.1;6.6;2.1;1.5;6.6;1.6;14.6;2.4",
" ;"" "";""OPQ Uprava in obramba", obv. soc. varnost, izob.," zdravstvo"";100.0;58.1;5.2;4.9;7.5;40.5;41.9;1.8;5.6;2.5;1.4;9.6;2.8;13.9;4.4"
" ;"" "";""RSTU Druge dejavnosti"";100.0;73.1;8.2;18.1;9.4;37.3;26.9;0.9;2.7;1.3;0.9;8.0;1.8;9.1;2.2",,,
" ;""Struktura po dejavnostih (%)""",,,
" ;"" "";""Skupaj dejavnosti"";100.0;100.0;100.0;100.0;100.0;100.0;100.0;100.0;100.0;100.0;100.0;100.0;100.0;100.0;100.0",,,
" ;"" "";""A Kmetijstvo"," gozdarstvo in ribištvo"";3.3;1.8;1.6;3.9;2.6;1.3;5.0;8.3;6.1;6.1;2.2;3.9;4.5;3.8;9.3",,
" ;"" "";""BCDE Predelovalne dejavnosti"," rudarstvo in druga industrija"";28.1;21.9;16.7;31.8;35.7;17.4;35.5;33.3;40.9;42.7;43.4;39.0;43.8;28.1;27.6",,
" ;"" "";""..od tega: C Predelovalne dejavnosti"";24.2;19.7;14.2;28.8;33.8;15.3;29.7;31.7;39.8;21.1;29.0;31.1;38.5;24.6;25.6",,,
" ;"" "";""F Gradbeništvo"";6.0;5.7;7.2;8.3;4.7;5.3;6.4;7.5;6.0;6.7;6.0;6.7;4.1;6.5;6.8",,,
" ;"" "";""GHI Trgovina", gostinstvo," promet"";19.1;21.9;33.8;14.9;21.3;21.3;15.9;16.2;12.2;13.5;11.5;17.5;14.8;17.1;17.8",
" ;"" "";""J Informacijske in komunikacijske dejavnosti"";3.7;5.4;2.8;1.4;1.7;7.4;1.7;0.8;1.1;0.5;2.2;1.6;0.9;2.6;1.7",,,
" ;"" "";""K Finanène in zavarovalniške dejavnosti"";4.5;5.4;4.8;3.8;2.8;6.5;3.3;2.6;2.4;1.9;3.1;2.7;2.3;5.0;3.0",,,
" ;"" "";""L Poslovanje z nepremièninami"";7.8;6.9;7.6;8.1;8.6;6.2;8.9;10.3;7.9;8.5;9.5;8.3;8.8;9.1;11.1",,,
" ;"" "";""MN Strokovne", znanstvene," tehniène in druge posl. dejavnosti"";8.2;9.5;6.2;5.1;5.7;11.9;6.6;4.8;8.2;5.6;7.2;4.7;4.4;8.9;4.5",
" ;"" "";""OPQ Uprava in obramba", obv. soc. varnost, izob.," zdravstvo"";16.4;17.5;15.1;13.7;13.9;19.5;15.0;14.8;14.0;13.3;13.4;13.6;14.8;16.9;16.7"
" ;"" "";""RSTU Druge dejavnosti"";2.9;3.9;4.3;9.0;3.1;3.2;1.7;1.3;1.2;1.3;1.5;2.0;1.7;2.0;1.5",,,
2003,,,
" ;""Mio EUR (fiksni teèaj 2007)""",,,
" ;"" "";""Skupaj dejavnosti"";22001;12152;1237;1267;1947;7701;9849;421;1443;645;360;2511;653;2887;931",,,
" ;"" "";""A Kmetijstvo"," gozdarstvo in ribištvo"";540;164;17;39;38;71;376;29;67;31;6;74;22;82;65",,
" ;"" "";""BCDE Predelovalne dejavnosti"," rudarstvo in druga industrija"";6215;2672;205;403;703;1361;3543;145;615;272;162;989;286;811;262",,
" ;"" "";""..od tega: C Predelovalne dejavnosti"";5377;2408;174;365;665;1203;2970;138;601;134;108;788;252;704;244",,,
" ;"" "";""F Gradbeništvo"";1372;712;92;105;95;420;660;31;92;44;18;175;31;202;67",,,
" ;"" "";""GHI Trgovina", gostinstvo," promet"";4258;2663;409;193;422;1639;1595;68;177;90;41;449;101;503;166",
" ;"" "";""J Informacijske in komunikacijske dejavnosti"";833;664;36;19;33;576;169;4;16;3;8;39;6;76;17",,,
" ;"" "";""K Finanène in zavarovalniške dejavnosti"";997;669;66;46;58;499;327;11;28;12;12;68;15;145;36",,,
" ;"" "";""L Poslovanje z nepremièninami"";1663;800;90;100;161;449;863;42;110;56;34;205;56;261;100",,,
" ;"" "";""MN Strokovne", znanstvene," tehniène in druge posl. dejavnosti"";1844;1193;78;61;114;940;651;20;121;36;27;121;27;252;46",
" ;"" "";""OPQ Uprava in obramba", obv. soc. varnost, izob.," zdravstvo"";3650;2144;186;180;269;1509;1505;65;200;91;48;344;98;500;158"
" ;"" "";""RSTU Druge dejavnosti"";630;471;58;121;55;237;159;5;15;8;5;46;10;55;14",,,
" ;""Struktura po regijah (Slovenija = 100%)""",,,
" ;"" "";""Skupaj dejavnosti"";100.0;55.2;5.6;5.8;8.8;35.0;44.8;1.9;6.6;2.9;1.6;11.4;3.0;13.1;4.2",,,
" ;"" "";""A Kmetijstvo"," gozdarstvo in ribištvo"";100.0;30.3;3.1;7.1;7.0;13.1;69.7;5.3;12.4;5.8;1.1;13.7;4.1;15.3;12.0",,
" ;"" "";""BCDE Predelovalne dejavnosti"," rudarstvo in druga industrija"";100.0;43.0;3.3;6.5;11.3;21.9;57.0;2.3;9.9;4.4;2.6;15.9;4.6;13.0;4.2",,
" ;"" "";""..od tega: C Predelovalne dejavnosti"";100.0;44.8;3.2;6.8;12.4;22.4;55.2;2.6;11.2;2.5;2.0;14.7;4.7;13.1;4.5",,,
" ;"" "";""F Gradbeništvo"";100.0;51.9;6.7;7.7;6.9;30.6;48.1;2.3;6.7;3.2;1.3;12.7;2.2;14.7;4.9",,,
" ;"" "";""GHI Trgovina", gostinstvo," promet"";100.0;62.5;9.6;4.5;9.9;38.5;37.5;1.6;4.2;2.1;1.0;10.5;2.4;11.8;3.9",
" ;"" "";""J Informacijske in komunikacijske dejavnosti"";100.0;79.7;4.3;2.3;4.0;69.1;20.3;0.5;1.9;0.4;0.9;4.7;0.7;9.1;2.0",,,
" ;"" "";""K Finanène in zavarovalniške dejavnosti"";100.0;67.2;6.7;4.6;5.8;50.1;32.8;1.1;2.8;1.2;1.2;6.8;1.5;14.5;3.6",,,
" ;"" "";""L Poslovanje z nepremièninami"";100.0;48.1;5.4;6.0;9.7;27.0;51.9;2.5;6.6;3.3;2.0;12.3;3.4;15.7;6.0",,,
" ;"" "";""MN Strokovne", znanstvene," tehniène in druge posl. dejavnosti"";100.0;64.7;4.2;3.3;6.2;51.0;35.3;1.1;6.6;2.0;1.4;6.6;1.5;13.7;2.5",
" ;"" "";""OPQ Uprava in obramba", obv. soc. varnost, izob.," zdravstvo"";100.0;58.8;5.1;4.9;7.4;41.3;41.2;1.8;5.5;2.5;1.3;9.4;2.7;13.7;4.3"
" ;"" "";""RSTU Druge dejavnosti"";100.0;74.7;9.2;19.2;8.7;37.6;25.3;0.8;2.5;1.2;0.8;7.4;1.7;8.8;2.1",,,
" ;""Struktura po dejavnostih (%)""",,,
" ;"" "";""Skupaj dejavnosti"";100.0;100.0;100.0;100.0;100.0;100.0;100.0;100.0;100.0;100.0;100.0;100.0;100.0;100.0;100.0",,,
" ;"" "";""A Kmetijstvo"," gozdarstvo in ribištvo"";2.5;1.3;1.4;3.0;1.9;0.9;3.8;6.8;4.6;4.8;1.6;3.0;3.4;2.9;7.0",,
" ;"" "";""BCDE Predelovalne dejavnosti"," rudarstvo in druga industrija"";28.2;22.0;16.6;31.8;36.1;17.7;36.0;34.5;42.7;42.3;45.2;39.4;43.8;28.1;28.1",,
" ;"" "";""..od tega: C Predelovalne dejavnosti"";24.4;19.8;14.1;28.8;34.2;15.6;30.1;32.8;41.6;20.7;30.0;31.4;38.6;24.4;26.3",,,
" ;"" "";""F Gradbeništvo"";6.2;5.9;7.4;8.3;4.9;5.5;6.7;7.4;6.4;6.9;5.0;7.0;4.7;7.0;7.2",,,
" ;"" "";""GHI Trgovina", gostinstvo," promet"";19.4;21.9;33.0;15.2;21.7;21.3;16.2;16.2;12.3;14.0;11.3;17.9;15.5;17.4;17.8",
" ;"" "";""J Informacijske in komunikacijske dejavnosti"";3.8;5.5;2.9;1.5;1.7;7.5;1.7;0.9;1.1;0.5;2.2;1.6;1.0;2.6;1.8",,,
" ;"" "";""K Finanène in zavarovalniške dejavnosti"";4.5;5.5;5.4;3.6;3.0;6.5;3.3;2.7;2.0;1.9;3.3;2.7;2.3;5.0;3.9",,,
" ;"" "";""L Poslovanje z nepremièninami"";7.6;6.6;7.3;7.9;8.3;5.8;8.8;10.1;7.6;8.6;9.3;8.2;8.6;9.0;10.8",,,
" ;"" "";""MN Strokovne", znanstvene," tehniène in druge posl. dejavnosti"";8.4;9.8;6.3;4.8;5.8;12.2;6.6;4.9;8.4;5.6;7.4;4.8;4.1;8.7;5.0",
" ;"" "";""OPQ Uprava in obramba", obv. soc. varnost, izob.," zdravstvo"";16.6;17.6;15.0;14.2;13.8;19.6;15.3;15.4;13.9;14.2;13.3;13.7;15.0;17.3;17.0"
" ;"" "";""RSTU Druge dejavnosti"";2.9;3.9;4.7;9.6;2.8;3.1;1.6;1.2;1.1;1.2;1.4;1.8;1.6;1.9;1.5",,,
2004,,,
" ;""Mio EUR (fiksni teèaj 2007)""",,,
" ;"" "";""Skupaj dejavnosti"";23776;13149;1334;1346;2116;8352;10627;450;1568;693;382;2709;694;3136;995",,,
" ;"" "";""A Kmetijstvo"," gozdarstvo in ribištvo"";630;187;20;44;43;79;442;31;76;38;8;88;26;98;77",,
" ;"" "";""BCDE Predelovalne dejavnosti"," rudarstvo in druga industrija"";6678;2842;219;425;754;1444;3836;156;675;293;169;1078;307;882;276",,
" ;"" "";""..od tega: C Predelovalne dejavnosti"";5700;2526;183;377;706;1260;3173;148;659;137;111;854;269;742;254",,,
" ;"" "";""F Gradbeništvo"";1481;757;101;108;102;445;725;34;96;46;20;192;36;219;80",,,
" ;"" "";""GHI Trgovina", gostinstvo," promet"";4580;2886;449;199;450;1788;1694;73;195;99;45;471;98;536;177",
" ;"" "";""J Informacijske in komunikacijske dejavnosti"";915;742;37;20;35;649;174;3;15;3;7;40;6;82;16",,,
" ;"" "";""K Finanène in zavarovalniške dejavnosti"";1088;737;69;48;64;557;350;12;34;12;12;76;17;162;25",,,
" ;"" "";""L Poslovanje z nepremièninami"";1779;854;97;106;173;479;925;45;118;59;36;218;61;280;108",,,
" ;"" "";""MN Strokovne", znanstvene," tehniène in druge posl. dejavnosti"";2010;1306;81;65;153;1007;704;21;128;33;29;126;28;284;53",
" ;"" "";""OPQ Uprava in obramba", obv. soc. varnost, izob.," zdravstvo"";3930;2322;193;189;287;1654;1608;68;213;99;50;374;105;530;168"
" ;"" "";""RSTU Druge dejavnosti"";684;515;68;141;56;250;169;6;17;9;5;46;10;62;14",,,
" ;""Struktura po regijah (Slovenija = 100%)""",,,
" ;"" "";""Skupaj dejavnosti"";100.0;55.3;5.6;5.7;8.9;35.1;44.7;1.9;6.6;2.9;1.6;11.4;2.9;13.2;4.2",,,
" ;"" "";""A Kmetijstvo"," gozdarstvo in ribištvo"";100.0;29.7;3.3;7.0;6.9;12.6;70.3;4.9;12.1;6.1;1.3;14.0;4.1;15.6;12.2",,
" ;"" "";""BCDE Predelovalne dejavnosti"," rudarstvo in druga industrija"";100.0;42.6;3.3;6.4;11.3;21.6;57.4;2.3;10.1;4.4;2.5;16.1;4.6;13.2;4.1",,
" ;"" "";""..od tega: C Predelovalne dejavnosti"";100.0;44.3;3.2;6.6;12.4;22.1;55.7;2.6;11.6;2.4;1.9;15.0;4.7;13.0;4.5",,,
" ;"" "";""F Gradbeništvo"";100.0;51.1;6.8;7.3;6.9;30.0;48.9;2.3;6.5;3.1;1.4;13.0;2.4;14.8;5.4",,,
" ;"" "";""GHI Trgovina", gostinstvo," promet"";100.0;63.0;9.8;4.4;9.8;39.0;37.0;1.6;4.3;2.2;1.0;10.3;2.1;11.7;3.9",
" ;"" "";""J Informacijske in komunikacijske dejavnosti"";100.0;81.0;4.1;2.2;3.8;70.9;19.0;0.4;1.7;0.3;0.7;4.4;0.7;9.0;1.8",,,
" ;"" "";""K Finanène in zavarovalniške dejavnosti"";100.0;67.8;6.3;4.4;5.9;51.2;32.2;1.1;3.1;1.1;1.1;7.0;1.6;14.9;2.3",,,
" ;"" "";""L Poslovanje z nepremièninami"";100.0;48.0;5.4;6.0;9.7;26.9;52.0;2.6;6.6;3.3;2.0;12.2;3.4;15.8;6.1",,,
" ;"" "";""MN Strokovne", znanstvene," tehniène in druge posl. dejavnosti"";100.0;65.0;4.0;3.3;7.6;50.1;35.0;1.1;6.4;1.7;1.5;6.3;1.4;14.1;2.6",
" ;"" "";""OPQ Uprava in obramba", obv. soc. varnost, izob.," zdravstvo"";100.0;59.1;4.9;4.8;7.3;42.1;40.9;1.7;5.4;2.5;1.3;9.5;2.7;13.5;4.3"
" ;"" "";""RSTU Druge dejavnosti"";100.0;75.3;9.9;20.6;8.2;36.6;24.7;0.8;2.5;1.3;0.7;6.7;1.5;9.1;2.1",,,
" ;""Struktura po dejavnostih (%)""",,,
" ;"" "";""Skupaj dejavnosti"";100.0;100.0;100.0;100.0;100.0;100.0;100.0;100.0;100.0;100.0;100.0;100.0;100.0;100.0;100.0",,,
" ;"" "";""A Kmetijstvo"," gozdarstvo in ribištvo"";2.6;1.4;1.5;3.3;2.0;0.9;4.2;6.9;4.9;5.5;2.1;3.2;3.7;3.1;7.7",,
" ;"" "";""BCDE Predelovalne dejavnosti"," rudarstvo in druga industrija"";28.1;21.6;16.4;31.5;35.6;17.3;36.1;34.5;43.1;42.4;44.2;39.8;44.3;28.1;27.7",,
" ;"" "";""..od tega: C Predelovalne dejavnosti"";24.0;19.2;13.7;28.0;33.4;15.1;29.9;32.8;42.0;19.8;29.0;31.5;38.8;23.7;25.6",,,
" ;"" "";""F Gradbeništvo"";6.2;5.8;7.6;8.1;4.8;5.3;6.8;7.6;6.1;6.7;5.3;7.1;5.2;7.0;8.1",,,
" ;"" "";""GHI Trgovina", gostinstvo," promet"";19.3;22.0;33.6;14.8;21.3;21.4;15.9;16.3;12.4;14.2;11.8;17.4;14.1;17.1;17.8",
" ;"" "";""J Informacijske in komunikacijske dejavnosti"";3.9;5.6;2.8;1.5;1.6;7.8;1.6;0.8;1.0;0.4;1.8;1.5;0.9;2.6;1.6",,,
" ;"" "";""K Finanène in zavarovalniške dejavnosti"";4.6;5.6;5.2;3.6;3.0;6.7;3.3;2.6;2.2;1.8;3.3;2.8;2.4;5.2;2.6",,,
" ;"" "";""L Poslovanje z nepremièninami"";7.5;6.5;7.3;7.9;8.2;5.7;8.7;10.1;7.5;8.5;9.3;8.0;8.7;8.9;10.8",,,
" ;"" "";""MN Strokovne", znanstvene," tehniène in druge posl. dejavnosti"";8.5;9.9;6.0;4.9;7.2;12.1;6.6;4.7;8.2;4.8;7.7;4.7;4.1;9.1;5.3",
" ;"" "";""OPQ Uprava in obramba", obv. soc. varnost, izob.," zdravstvo"";16.5;17.7;14.4;14.0;13.5;19.8;15.1;15.2;13.6;14.3;13.2;13.8;15.1;16.9;16.9"
" ;"" "";""RSTU Druge dejavnosti"";2.9;3.9;5.1;10.5;2.6;3.0;1.6;1.2;1.1;1.3;1.3;1.7;1.5;2.0;1.4",,,
2005,,,
" ;""Mio EUR (fiksni teèaj 2007)""",,,
" ;"" "";""Skupaj dejavnosti"";25177;13951;1399;1420;2194;8938;11227;467;1636;747;400;2885;742;3317;1032",,,
" ;"" "";""A Kmetijstvo"," gozdarstvo in ribištvo"";666;203;25;45;47;85;463;34;85;40;9;91;27;100;77",,
" ;"" "";""BCDE Predelovalne dejavnosti"," rudarstvo in druga industrija"";6814;2926;215;435;760;1516;3888;156;686;303;170;1097;325;877;274",,
" ;"" "";""..od tega: C Predelovalne dejavnosti"";5788;2580;177;389;713;1301;3208;149;669;137;112;872;284;736;250",,,
" ;"" "";""F Gradbeništvo"";1672;857;113;118;110;517;815;35;103;60;22;230;42;232;92",,,
" ;"" "";""GHI Trgovina", gostinstvo," promet"";4967;3108;486;221;489;1912;1859;76;213;110;53;510;105;606;186",
" ;"" "";""J Informacijske in komunikacijske dejavnosti"";1012;824;31;23;37;733;187;4;17;3;6;45;7;88;17",,,
" ;"" "";""K Finanène in zavarovalniške dejavnosti"";1164;791;77;51;66;596;373;13;37;13;12;81;19;169;30",,,
" ;"" "";""L Poslovanje z nepremièninami"";1920;926;106;114;185;520;994;49;129;63;38;232;64;303;115",,,
" ;"" "";""MN Strokovne", znanstvene," tehniène in druge posl. dejavnosti"";2050;1291;78;68;135;1010;759;22;121;37;30;165;30;306;47",
" ;"" "";""OPQ Uprava in obramba", obv. soc. varnost, izob.," zdravstvo"";4171;2464;204;201;304;1755;1707;73;227;108;53;387;111;570;179"
" ;"" "";""RSTU Druge dejavnosti"";742;562;65;145;59;293;180;5;18;10;5;48;12;66;15",,,
" ;""Struktura po regijah (Slovenija = 100%)""",,,
" ;"" "";""Skupaj dejavnosti"";100.0;55.4;5.6;5.6;8.7;35.5;44.6;1.9;6.5;3.0;1.6;11.5;2.9;13.2;4.1",,,
" ;"" "";""A Kmetijstvo"," gozdarstvo in ribištvo"";100.0;30.5;3.8;6.8;7.1;12.8;69.5;5.1;12.7;6.1;1.4;13.6;4.0;15.0;11.6",,
" ;"" "";""BCDE Predelovalne dejavnosti"," rudarstvo in druga industrija"";100.0;42.9;3.2;6.4;11.2;22.3;57.1;2.3;10.1;4.4;2.5;16.1;4.8;12.9;4.0",,
" ;"" "";""..od tega: C Predelovalne dejavnosti"";100.0;44.6;3.1;6.7;12.3;22.5;55.4;2.6;11.6;2.4;1.9;15.1;4.9;12.7;4.3",,,
" ;"" "";""F Gradbeništvo"";100.0;51.2;6.8;7.0;6.6;30.9;48.8;2.1;6.2;3.6;1.3;13.7;2.5;13.9;5.5",,,
" ;"" "";""GHI Trgovina", gostinstvo," promet"";100.0;62.6;9.8;4.4;9.8;38.5;37.4;1.5;4.3;2.2;1.1;10.3;2.1;12.2;3.7",
" ;"" "";""J Informacijske in komunikacijske dejavnosti"";100.0;81.5;3.1;2.3;3.6;72.5;18.5;0.4;1.7;0.3;0.6;4.4;0.7;8.7;1.7",,,
" ;"" "";""K Finanène in zavarovalniške dejavnosti"";100.0;67.9;6.6;4.4;5.7;51.2;32.1;1.1;3.2;1.1;1.0;7.0;1.7;14.5;2.6",,,
" ;"" "";""L Poslovanje z nepremièninami"";100.0;48.2;5.5;5.9;9.7;27.1;51.8;2.5;6.7;3.3;2.0;12.1;3.3;15.8;6.0",,,
" ;"" "";""MN Strokovne", znanstvene," tehniène in druge posl. dejavnosti"";100.0;63.0;3.8;3.3;6.6;49.3;37.0;1.1;5.9;1.8;1.5;8.1;1.5;14.9;2.3",
" ;"" "";""OPQ Uprava in obramba", obv. soc. varnost, izob.," zdravstvo"";100.0;59.1;4.9;4.8;7.3;42.1;40.9;1.7;5.4;2.6;1.3;9.3;2.7;13.7;4.3"
" ;"" "";""RSTU Druge dejavnosti"";100.0;75.7;8.7;19.5;7.9;39.5;24.3;0.7;2.4;1.3;0.7;6.5;1.6;9.0;2.1",,,
" ;""Struktura po dejavnostih (%)""",,,
" ;"" "";""Skupaj dejavnosti"";100.0;100.0;100.0;100.0;100.0;100.0;100.0;100.0;100.0;100.0;100.0;100.0;100.0;100.0;100.0",,,
" ;"" "";""A Kmetijstvo"," gozdarstvo in ribištvo"";2.6;1.5;1.8;3.2;2.2;1.0;4.1;7.2;5.2;5.4;2.3;3.1;3.6;3.0;7.5",,
" ;"" "";""BCDE Predelovalne dejavnosti"," rudarstvo in druga industrija"";27.1;21.0;15.3;30.6;34.7;17.0;34.6;33.5;41.9;40.5;42.6;38.0;43.8;26.4;26.6",,
" ;"" "";""..od tega: C Predelovalne dejavnosti"";23.0;18.5;12.7;27.4;32.5;14.6;28.6;32.0;40.9;18.3;27.9;30.2;38.2;22.2;24.3",,,
" ;"" "";""F Gradbeništvo"";6.6;6.1;8.1;8.3;5.0;5.8;7.3;7.4;6.3;8.0;5.6;8.0;5.6;7.0;8.9",,,
" ;"" "";""GHI Trgovina", gostinstvo," promet"";19.7;22.3;34.7;15.5;22.3;21.4;16.6;16.3;13.0;14.7;13.3;17.7;14.1;18.3;18.0",
" ;"" "";""J Informacijske in komunikacijske dejavnosti"";4.0;5.9;2.2;1.6;1.7;8.2;1.7;0.9;1.0;0.4;1.6;1.5;0.9;2.6;1.7",,,
" ;"" "";""K Finanène in zavarovalniške dejavnosti"";4.6;5.7;5.5;3.6;3.0;6.7;3.3;2.7;2.3;1.7;3.0;2.8;2.6;5.1;2.9",,,
" ;"" "";""L Poslovanje z nepremièninami"";7.6;6.6;7.6;8.0;8.5;5.8;8.9;10.5;7.9;8.5;9.6;8.0;8.6;9.1;11.2",,,
" ;"" "";""MN Strokovne", znanstvene," tehniène in druge posl. dejavnosti"";8.1;9.3;5.6;4.8;6.2;11.3;6.8;4.7;7.4;5.0;7.5;5.7;4.1;9.2;4.6",
" ;"" "";""OPQ Uprava in obramba", obv. soc. varnost, izob.," zdravstvo"";16.6;17.7;14.5;14.1;13.9;19.6;15.2;15.5;13.9;14.4;13.2;13.4;15.0;17.2;17.3"
" ;"" "";""RSTU Druge dejavnosti"";2.9;4.0;4.6;10.2;2.7;3.3;1.6;1.1;1.1;1.3;1.4;1.7;1.6;2.0;1.5",,,
2006,,,
" ;""Mio EUR (fiksni teèaj 2007)""",,,
" ;"" "";""Skupaj dejavnosti"";27225;15186;1534;1514;2338;9800;12039;500;1802;787;413;3070;778;3608;1083",,,
" ;"" "";""A Kmetijstvo"," gozdarstvo in ribištvo"";627;195;21;45;48;82;432;35;75;36;8;84;27;94;72",,
" ;"" "";""BCDE Predelovalne dejavnosti"," rudarstvo in druga industrija"";7317;3146;229;460;797;1661;4171;165;786;325;181;1166;330;936;282",,
" ;"" "";""..od tega: C Predelovalne dejavnosti"";6209;2767;189;407;742;1430;3441;157;768;142;121;925;284;788;256",,,
" ;"" "";""F Gradbeništvo"";1957;1006;141;142;132;591;951;40;120;63;25;275;44;279;105",,,
" ;"" "";""GHI Trgovina", gostinstvo," promet"";5437;3424;535;242;528;2120;2013;84;236;121;52;548;116;658;198",
" ;"" "";""J Informacijske in komunikacijske dejavnosti"";1100;900;34;24;39;804;200;4;18;4;7;47;8;95;18",,,
" ;"" "";""K Finanène in zavarovalniške dejavnosti"";1376;930;93;58;68;712;446;14;44;15;15;96;24;205;33",,,
" ;"" "";""L Poslovanje z nepremièninami"";2008;976;114;118;198;547;1031;51;133;66;40;239;67;316;120",,,
" ;"" "";""MN Strokovne", znanstvene," tehniène in druge posl. dejavnosti"";2269;1450;90;74;147;1139;820;23;132;35;26;164;33;354;53",
" ;"" "";""OPQ Uprava in obramba", obv. soc. varnost, izob.," zdravstvo"";4371;2582;213;210;321;1837;1789;78;238;114;55;401;116;599;188"
" ;"" "";""RSTU Druge dejavnosti"";763;575;65;140;61;308;188;6;19;9;5;51;14;70;15",,,
" ;""Struktura po regijah (Slovenija = 100%)""",,,
" ;"" "";""Skupaj dejavnosti"";100.0;55.8;5.6;5.6;8.6;36.0;44.2;1.8;6.6;2.9;1.5;11.3;2.9;13.3;4.0",,,
" ;"" "";""A Kmetijstvo"," gozdarstvo in ribištvo"";100.0;31.1;3.4;7.1;7.6;13.0;68.9;5.6;12.0;5.7;1.3;13.4;4.4;15.1;11.5",,
" ;"" "";""BCDE Predelovalne dejavnosti"," rudarstvo in druga industrija"";100.0;43.0;3.1;6.3;10.9;22.7;57.0;2.3;10.7;4.4;2.5;15.9;4.5;12.8;3.9",,
" ;"" "";""..od tega: C Predelovalne dejavnosti"";100.0;44.6;3.0;6.6;11.9;23.0;55.4;2.5;12.4;2.3;1.9;14.9;4.6;12.7;4.1",,,
" ;"" "";""F Gradbeništvo"";100.0;51.4;7.2;7.3;6.7;30.2;48.6;2.1;6.1;3.2;1.3;14.1;2.3;14.2;5.4",,,
" ;"" "";""GHI Trgovina", gostinstvo," promet"";100.0;63.0;9.8;4.4;9.7;39.0;37.0;1.5;4.3;2.2;1.0;10.1;2.1;12.1;3.6",
" ;"" "";""J Informacijske in komunikacijske dejavnosti"";100.0;81.9;3.1;2.2;3.5;73.1;18.1;0.4;1.7;0.3;0.6;4.2;0.7;8.7;1.6",,,
" ;"" "";""K Finanène in zavarovalniške dejavnosti"";100.0;67.6;6.7;4.2;4.9;51.7;32.4;1.0;3.2;1.1;1.1;7.0;1.7;14.9;2.4",,,
" ;"" "";""L Poslovanje z nepremièninami"";100.0;48.6;5.7;5.9;9.8;27.2;51.4;2.6;6.6;3.3;2.0;11.9;3.3;15.8;6.0",,,
" ;"" "";""MN Strokovne", znanstvene," tehniène in druge posl. dejavnosti"";100.0;63.9;4.0;3.2;6.5;50.2;36.1;1.0;5.8;1.6;1.1;7.2;1.4;15.6;2.3",
" ;"" "";""OPQ Uprava in obramba", obv. soc. varnost, izob.," zdravstvo"";100.0;59.1;4.9;4.8;7.4;42.0;40.9;1.8;5.4;2.6;1.3;9.2;2.7;13.7;4.3"
" ;"" "";""RSTU Druge dejavnosti"";100.0;75.4;8.5;18.4;8.0;40.4;24.6;0.8;2.5;1.1;0.6;6.7;1.8;9.1;2.0",,,
" ;""Struktura po dejavnostih (%)""",,,
" ;"" "";""Skupaj dejavnosti"";100.0;100.0;100.0;100.0;100.0;100.0;100.0;100.0;100.0;100.0;100.0;100.0;100.0;100.0;100.0",,,
" ;"" "";""A Kmetijstvo"," gozdarstvo in ribištvo"";2.3;1.3;1.4;3.0;2.0;0.8;3.6;7.0;4.2;4.5;1.9;2.7;3.5;2.6;6.6",,
" ;"" "";""BCDE Predelovalne dejavnosti"," rudarstvo in druga industrija"";26.9;20.7;14.9;30.4;34.1;16.9;34.6;33.0;43.6;41.3;43.9;38.0;42.4;26.0;26.1",,
" ;"" "";""..od tega: C Predelovalne dejavnosti"";22.8;18.2;12.3;26.9;31.7;14.6;28.6;31.5;42.6;18.1;29.3;30.1;36.5;21.8;23.7",,,
" ;"" "";""F Gradbeništvo"";7.2;6.6;9.2;9.4;5.6;6.0;7.9;8.1;6.6;7.9;6.1;9.0;5.7;7.7;9.7",,,
" ;"" "";""GHI Trgovina", gostinstvo," promet"";20.0;22.6;34.9;16.0;22.6;21.6;16.7;16.8;13.1;15.4;12.6;17.8;14.9;18.3;18.3",
" ;"" "";""J Informacijske in komunikacijske dejavnosti"";4.0;5.9;2.2;1.6;1.7;8.2;1.7;0.8;1.0;0.4;1.6;1.5;1.0;2.6;1.6",,,
" ;"" "";""K Finanène in zavarovalniške dejavnosti"";5.1;6.1;6.0;3.9;2.9;7.3;3.7;2.8;2.4;1.9;3.6;3.1;3.1;5.7;3.0",,,
" ;"" "";""L Poslovanje z nepremièninami"";7.4;6.4;7.4;7.8;8.4;5.6;8.6;10.3;7.4;8.3;9.6;7.8;8.6;8.8;11.1",,,
" ;"" "";""MN Strokovne", znanstvene," tehniène in druge posl. dejavnosti"";8.3;9.5;5.9;4.9;6.3;11.6;6.8;4.5;7.4;4.5;6.2;5.3;4.2;9.8;4.9",
" ;"" "";""OPQ Uprava in obramba", obv. soc. varnost, izob.," zdravstvo"";16.1;17.0;13.9;13.9;13.7;18.7;14.9;15.6;13.2;14.5;13.3;13.1;14.9;16.6;17.3"
" ;"" "";""RSTU Druge dejavnosti"";2.8;3.8;4.2;9.3;2.6;3.1;1.6;1.2;1.1;1.1;1.1;1.7;1.7;1.9;1.4",,,
2007,,,
" ;""Mio EUR (fiksni teèaj 2007)""",,,
" ;"" "";""Skupaj dejavnosti"";30367;16938;1717;1722;2598;10900;13429;562;2012;883;450;3419;863;4045;1196",,,
" ;"" "";""A Kmetijstvo"," gozdarstvo in ribištvo"";775;242;27;57;56;102;533;43;90;41;9;108;36;118;88",,
" ;"" "";""BCDE Predelovalne dejavnosti"," rudarstvo in druga industrija"";8070;3455;254;518;882;1801;4615;179;872;365;192;1265;369;1059;314",,
" ;"" "";""..od tega: C Predelovalne dejavnosti"";6881;3039;209;462;827;1541;3842;171;851;160;131;1019;323;905;281",,,
" ;"" "";""F Gradbeništvo"";2451;1291;172;185;161;773;1160;51;146;81;30;316;51;358;128",,,
" ;"" "";""GHI Trgovina", gostinstvo," promet"";6234;3914;614;276;601;2423;2320;96;279;135;62;666;129;731;222",
" ;"" "";""J Informacijske in komunikacijske dejavnosti"";1216;997;37;26;43;891;219;4;20;4;7;50;9;107;18",,,
" ;"" "";""K Finanène in zavarovalniške dejavnosti"";1460;1005;103;58;68;776;455;14;45;16;14;99;23;212;32",,,
" ;"" "";""L Poslovanje z nepremièninami"";2151;1048;122;126;211;590;1102;58;140;69;41;255;70;341;127",,,
" ;"" "";""MN Strokovne", znanstvene," tehniène in druge posl. dejavnosti"";2611;1675;99;87;183;1306;936;28;154;41;33;177;38;411;54",
" ;"" "";""OPQ Uprava in obramba", obv. soc. varnost, izob.," zdravstvo"";4597;2716;221;218;337;1939;1881;82;246;121;57;428;123;628;197"
" ;"" "";""RSTU Druge dejavnosti"";803;595;68;172;57;298;208;6;20;10;6;55;15;78;17",,,
" ;""Struktura po regijah (Slovenija = 100%)""",,,
" ;"" "";""Skupaj dejavnosti"";100.0;55.8;5.7;5.7;8.6;35.9;44.2;1.8;6.6;2.9;1.5;11.3;2.8;13.3;3.9",,,
" ;"" "";""A Kmetijstvo"," gozdarstvo in ribištvo"";100.0;31.2;3.5;7.3;7.2;13.2;68.8;5.5;11.6;5.3;1.2;13.9;4.6;15.3;11.4",,
" ;"" "";""BCDE Predelovalne dejavnosti"," rudarstvo in druga industrija"";100.0;42.8;3.1;6.4;10.9;22.3;57.2;2.2;10.8;4.5;2.4;15.7;4.6;13.1;3.9",,
" ;"" "";""..od tega: C Predelovalne dejavnosti"";100.0;44.2;3.0;6.7;12.0;22.4;55.8;2.5;12.4;2.3;1.9;14.8;4.7;13.2;4.1",,,
" ;"" "";""F Gradbeništvo"";100.0;52.7;7.0;7.5;6.6;31.6;47.3;2.1;6.0;3.3;1.2;12.9;2.1;14.6;5.2",,,
" ;"" "";""GHI Trgovina", gostinstvo," promet"";100.0;62.8;9.8;4.4;9.6;38.9;37.2;1.5;4.5;2.2;1.0;10.7;2.1;11.7;3.6",
" ;"" "";""J Informacijske in komunikacijske dejavnosti"";100.0;82.0;3.0;2.1;3.6;73.3;18.0;0.3;1.6;0.3;0.6;4.1;0.8;8.8;1.5",,,
" ;"" "";""K Finanène in zavarovalniške dejavnosti"";100.0;68.9;7.1;4.0;4.7;53.1;31.1;1.0;3.1;1.1;0.9;6.8;1.6;14.5;2.2",,,
" ;"" "";""L Poslovanje z nepremièninami"";100.0;48.7;5.7;5.8;9.8;27.4;51.3;2.7;6.5;3.2;1.9;11.9;3.3;15.9;5.9",,,
" ;"" "";""MN Strokovne", znanstvene," tehniène in druge posl. dejavnosti"";100.0;64.2;3.8;3.3;7.0;50.0;35.8;1.1;5.9;1.6;1.2;6.8;1.5;15.8;2.1",
" ;"" "";""OPQ Uprava in obramba", obv. soc. varnost, izob.," zdravstvo"";100.0;59.1;4.8;4.8;7.3;42.2;40.9;1.8;5.4;2.6;1.2;9.3;2.7;13.7;4.3"
" ;"" "";""RSTU Druge dejavnosti"";100.0;74.1;8.5;21.4;7.1;37.1;25.9;0.8;2.5;1.2;0.8;6.9;1.9;9.8;2.1",,,
" ;""Struktura po dejavnostih (%)""",,,
" ;"" "";""Skupaj dejavnosti"";100.0;100.0;100.0;100.0;100.0;100.0;100.0;100.0;100.0;100.0;100.0;100.0;100.0;100.0;100.0",,,
" ;"" "";""A Kmetijstvo"," gozdarstvo in ribištvo"";2.6;1.4;1.6;3.3;2.1;0.9;4.0;7.6;4.5;4.7;2.1;3.2;4.2;2.9;7.4",,
" ;"" "";""BCDE Predelovalne dejavnosti"," rudarstvo in druga industrija"";26.6;20.4;14.8;30.1;33.9;16.5;34.4;31.9;43.4;41.4;42.6;37.0;42.7;26.2;26.2",,
" ;"" "";""..od tega: C Predelovalne dejavnosti"";22.7;17.9;12.2;26.8;31.8;14.1;28.6;30.4;42.3;18.1;29.1;29.8;37.5;22.4;23.5",,,
" ;"" "";""F Gradbeništvo"";8.1;7.6;10.0;10.7;6.2;7.1;8.6;9.1;7.3;9.1;6.6;9.2;5.9;8.8;10.7",,,
" ;"" "";""GHI Trgovina", gostinstvo," promet"";20.5;23.1;35.7;16.0;23.1;22.2;17.3;17.0;13.9;15.3;13.8;19.5;14.9;18.1;18.6",
" ;"" "";""J Informacijske in komunikacijske dejavnosti"";4.0;5.9;2.2;1.5;1.7;8.2;1.6;0.7;1.0;0.4;1.5;1.5;1.1;2.6;1.5",,,
" ;"" "";""K Finanène in zavarovalniške dejavnosti"";4.8;5.9;6.0;3.4;2.6;7.1;3.4;2.6;2.2;1.8;3.0;2.9;2.7;5.2;2.6",,,
" ;"" "";""L Poslovanje z nepremièninami"";7.1;6.2;7.1;7.3;8.1;5.4;8.2;10.4;7.0;7.8;9.2;7.5;8.1;8.4;10.6",,,
" ;"" "";""MN Strokovne", znanstvene," tehniène in druge posl. dejavnosti"";8.6;9.9;5.8;5.0;7.0;12.0;7.0;4.9;7.6;4.7;7.2;5.2;4.4;10.2;4.5",
" ;"" "";""OPQ Uprava in obramba", obv. soc. varnost, izob.," zdravstvo"";15.1;16.0;12.9;12.7;13.0;17.8;14.0;14.6;12.2;13.7;12.6;12.5;14.2;15.5;16.5"
" ;"" "";""RSTU Druge dejavnosti"";2.6;3.5;4.0;10.0;2.2;2.7;1.5;1.1;1.0;1.1;1.4;1.6;1.8;1.9;1.4",,,
2008,,,
" ;""Mio EUR (fiksni teèaj 2007)""",,,
" ;"" "";""Skupaj dejavnosti"";32681;18230;1874;1834;2773;11748;14451;603;2152;955;484;3732;913;4355;1257",,,
" ;"" "";""A Kmetijstvo"," gozdarstvo in ribištvo"";763;240;26;55;59;99;523;41;86;42;9;109;35;116;86",,
" ;"" "";""BCDE Predelovalne dejavnosti"," rudarstvo in druga industrija"";8265;3461;249;534;882;1795;4804;179;915;398;195;1319;382;1094;322",,
" ;"" "";""..od tega: C Predelovalne dejavnosti"";6981;3028;203;467;823;1535;3952;170;892;169;130;1051;331;920;289",,,
" ;"" "";""F Gradbeništvo"";2762;1431;190;206;191;844;1331;64;164;82;35;383;58;413;132",,,
" ;"" "";""GHI Trgovina", gostinstvo," promet"";6852;4321;696;303;667;2655;2531;107;310;145;77;729;136;792;235",
" ;"" "";""J Informacijske in komunikacijske dejavnosti"";1294;1048;39;28;50;931;245;5;22;5;7;55;11;120;21",,,
" ;"" "";""K Finanène in zavarovalniške dejavnosti"";1539;1067;106;58;73;830;473;15;46;16;12;105;22;225;32",,,
" ;"" "";""L Poslovanje z nepremièninami"";2387;1170;130;138;233;669;1217;65;155;74;44;284;76;381;139",,,
" ;"" "";""MN Strokovne", znanstvene," tehniène in druge posl. dejavnosti"";2902;1880;123;113;191;1454;1022;31;166;46;35;212;42;431;59",
" ;"" "";""OPQ Uprava in obramba", obv. soc. varnost, izob.," zdravstvo"";5064;2987;243;236;370;2138;2077;92;268;135;63;478;134;695;214"
" ;"" "";""RSTU Druge dejavnosti"";853;625;72;162;58;333;229;7;20;11;7;59;16;89;19",,,
" ;""Struktura po regijah (Slovenija = 100%)""",,,
" ;"" "";""Skupaj dejavnosti"";100.0;55.8;5.7;5.6;8.5;35.9;44.2;1.8;6.6;2.9;1.5;11.4;2.8;13.3;3.8",,,
" ;"" "";""A Kmetijstvo"," gozdarstvo in ribištvo"";100.0;31.4;3.4;7.2;7.8;13.0;68.6;5.3;11.2;5.5;1.2;14.3;4.6;15.2;11.3",,
" ;"" "";""BCDE Predelovalne dejavnosti"," rudarstvo in druga industrija"";100.0;41.9;3.0;6.5;10.7;21.7;58.1;2.2;11.1;4.8;2.4;16.0;4.6;13.2;3.9",,
" ;"" "";""..od tega: C Predelovalne dejavnosti"";100.0;43.4;2.9;6.7;11.8;22.0;56.6;2.4;12.8;2.4;1.9;15.1;4.7;13.2;4.1",,,
" ;"" "";""F Gradbeništvo"";100.0;51.8;6.9;7.5;6.9;30.6;48.2;2.3;5.9;3.0;1.3;13.9;2.1;14.9;4.8",,,
" ;"" "";""GHI Trgovina", gostinstvo," promet"";100.0;63.1;10.2;4.4;9.7;38.7;36.9;1.6;4.5;2.1;1.1;10.6;2.0;11.6;3.4",
" ;"" "";""J Informacijske in komunikacijske dejavnosti"";100.0;81.0;3.0;2.2;3.8;72.0;19.0;0.4;1.7;0.3;0.6;4.2;0.9;9.3;1.6",,,
" ;"" "";""K Finanène in zavarovalniške dejavnosti"";100.0;69.3;6.9;3.8;4.7;53.9;30.7;0.9;3.0;1.1;0.8;6.8;1.4;14.6;2.0",,,
" ;"" "";""L Poslovanje z nepremièninami"";100.0;49.0;5.4;5.8;9.8;28.0;51.0;2.7;6.5;3.1;1.8;11.9;3.2;15.9;5.8",,,
" ;"" "";""MN Strokovne", znanstvene," tehniène in druge posl. dejavnosti"";100.0;64.8;4.2;3.9;6.6;50.1;35.2;1.1;5.7;1.6;1.2;7.3;1.4;14.9;2.0",
" ;"" "";""OPQ Uprava in obramba", obv. soc. varnost, izob.," zdravstvo"";100.0;59.0;4.8;4.7;7.3;42.2;41.0;1.8;5.3;2.7;1.2;9.4;2.6;13.7;4.2"
" ;"" "";""RSTU Druge dejavnosti"";100.0;73.2;8.4;19.0;6.8;39.0;26.8;0.8;2.4;1.3;0.8;6.9;1.9;10.5;2.2",,,
" ;""Struktura po dejavnostih (%)""",,,
" ;"" "";""Skupaj dejavnosti"";100.0;100.0;100.0;100.0;100.0;100.0;100.0;100.0;100.0;100.0;100.0;100.0;100.0;100.0;100.0",,,
" ;"" "";""A Kmetijstvo"," gozdarstvo in ribištvo"";2.3;1.3;1.4;3.0;2.1;0.8;3.6;6.7;4.0;4.4;1.9;2.9;3.8;2.7;6.8",,
" ;"" "";""BCDE Predelovalne dejavnosti"," rudarstvo in druga industrija"";25.3;19.0;13.3;29.1;31.8;15.3;33.2;29.7;42.5;41.7;40.2;35.3;41.9;25.1;25.6",,
" ;"" "";""..od tega: C Predelovalne dejavnosti"";21.4;16.6;10.8;25.5;29.7;13.1;27.3;28.2;41.4;17.7;26.9;28.2;36.2;21.1;23.0",,,
" ;"" "";""F Gradbeništvo"";8.5;7.8;10.1;11.2;6.9;7.2;9.2;10.6;7.6;8.6;7.2;10.3;6.4;9.5;10.5",,,
" ;"" "";""GHI Trgovina", gostinstvo," promet"";21.0;23.7;37.2;16.5;24.0;22.6;17.5;17.7;14.4;15.2;15.9;19.5;14.9;18.2;18.7",
" ;"" "";""J Informacijske in komunikacijske dejavnosti"";4.0;5.8;2.1;1.5;1.8;7.9;1.7;0.8;1.0;0.5;1.5;1.5;1.3;2.8;1.6",,,
" ;"" "";""K Finanène in zavarovalniške dejavnosti"";4.7;5.9;5.6;3.2;2.6;7.1;3.3;2.4;2.2;1.7;2.5;2.8;2.4;5.2;2.5",,,
" ;"" "";""L Poslovanje z nepremièninami"";7.3;6.4;6.9;7.5;8.4;5.7;8.4;10.7;7.2;7.8;9.0;7.6;8.4;8.7;11.0",,,
" ;"" "";""MN Strokovne", znanstvene," tehniène in druge posl. dejavnosti"";8.9;10.3;6.5;6.2;6.9;12.4;7.1;5.1;7.7;4.9;7.2;5.7;4.6;9.9;4.7",
" ;"" "";""OPQ Uprava in obramba", obv. soc. varnost, izob.," zdravstvo"";15.5;16.4;13.0;12.9;13.3;18.2;14.4;15.2;12.4;14.1;13.1;12.8;14.7;16.0;17.0"
" ;"" "";""RSTU Druge dejavnosti"";2.6;3.4;3.8;8.9;2.1;2.8;1.6;1.1;1.0;1.2;1.5;1.6;1.7;2.1;1.5",,,
2009,,,
" ;""Mio EUR (fiksni teèaj 2007)""",,,
" ;"" "";""Skupaj dejavnosti"";31024;17441;1817;1712;2529;11383;13583;575;1992;913;453;3514;831;4107;1196",,,
" ;"" "";""A Kmetijstvo"," gozdarstvo in ribištvo"";729;228;25;53;56;94;501;40;80;42;9;104;34;111;81",,
" ;"" "";""BCDE Predelovalne dejavnosti"," rudarstvo in druga industrija"";7111;2967;221;449;688;1610;4144;156;802;365;165;1145;306;937;268",,
" ;"" "";""..od tega: C Predelovalne dejavnosti"";5840;2536;177;383;629;1348;3304;147;779;153;103;880;251;754;237",,,
" ;"" "";""F Gradbeništvo"";2465;1314;182;181;195;756;1151;58;138;68;32;328;53;355;118",,,
" ;"" "";""GHI Trgovina", gostinstvo," promet"";6338;3976;640;277;586;2474;2362;103;280;136;73;702;125;723;221",
" ;"" "";""J Informacijske in komunikacijske dejavnosti"";1209;974;36;27;48;864;235;4;19;4;7;55;11;117;19",,,
" ;"" "";""K Finanène in zavarovalniške dejavnosti"";1582;1097;111;60;76;851;485;15;51;17;11;104;22;233;33",,,
" ;"" "";""L Poslovanje z nepremièninami"";2613;1281;144;151;258;728;1332;69;170;82;48;308;85;416;153",,,
" ;"" "";""MN Strokovne", znanstvene," tehniène in druge posl. dejavnosti"";2755;1808;121;109;167;1411;947;28;149;45;35;203;38;394;56",
" ;"" "";""OPQ Uprava in obramba", obv. soc. varnost, izob.," zdravstvo"";5361;3166;263;251;394;2259;2195;96;283;142;67;507;140;732;227"
" ;"" "";""RSTU Druge dejavnosti"";861;629;74;155;62;338;232;7;20;12;7;59;17;89;20",,,
" ;""Struktura po regijah (Slovenija = 100%)""",,,
" ;"" "";""Skupaj dejavnosti"";100.0;56.2;5.9;5.5;8.2;36.7;43.8;1.9;6.4;2.9;1.5;11.3;2.7;13.2;3.9",,,
" ;"" "";""A Kmetijstvo"," gozdarstvo in ribištvo"";100.0;31.3;3.4;7.3;7.7;12.9;68.7;5.5;11.0;5.7;1.2;14.2;4.6;15.3;11.2",,
" ;"" "";""BCDE Predelovalne dejavnosti"," rudarstvo in druga industrija"";100.0;41.7;3.1;6.3;9.7;22.6;58.3;2.2;11.3;5.1;2.3;16.1;4.3;13.2;3.8",,
" ;"" "";""..od tega: C Predelovalne dejavnosti"";100.0;43.4;3.0;6.6;10.8;23.1;56.6;2.5;13.3;2.6;1.8;15.1;4.3;12.9;4.1",,,
" ;"" "";""F Gradbeništvo"";100.0;53.3;7.4;7.3;7.9;30.7;46.7;2.3;5.6;2.8;1.3;13.3;2.2;14.4;4.8",,,
" ;"" "";""GHI Trgovina", gostinstvo," promet"";100.0;62.7;10.1;4.4;9.3;39.0;37.3;1.6;4.4;2.2;1.1;11.1;2.0;11.4;3.5",
" ;"" "";""J Informacijske in komunikacijske dejavnosti"";100.0;80.6;3.0;2.2;3.9;71.4;19.4;0.3;1.6;0.4;0.5;4.5;0.9;9.6;1.5",,,
" ;"" "";""K Finanène in zavarovalniške dejavnosti"";100.0;69.4;7.0;3.8;4.8;53.8;30.6;0.9;3.2;1.1;0.7;6.5;1.4;14.8;2.1",,,
" ;"" "";""L Poslovanje z nepremièninami"";100.0;49.0;5.5;5.8;9.9;27.9;51.0;2.6;6.5;3.2;1.8;11.8;3.3;15.9;5.9",,,
" ;"" "";""MN Strokovne", znanstvene," tehniène in druge posl. dejavnosti"";100.0;65.6;4.4;4.0;6.1;51.2;34.4;1.0;5.4;1.6;1.3;7.4;1.4;14.3;2.0",
" ;"" "";""OPQ Uprava in obramba", obv. soc. varnost, izob.," zdravstvo"";100.0;59.1;4.9;4.7;7.3;42.1;40.9;1.8;5.3;2.6;1.3;9.5;2.6;13.7;4.2"
" ;"" "";""RSTU Druge dejavnosti"";100.0;73.0;8.7;18.0;7.1;39.2;27.0;0.8;2.4;1.3;0.8;6.9;2.0;10.3;2.4",,,
" ;""Struktura po dejavnostih (%)""",,,
" ;"" "";""Skupaj dejavnosti"";100.0;100.0;100.0;100.0;100.0;100.0;100.0;100.0;100.0;100.0;100.0;100.0;100.0;100.0;100.0",,,
" ;"" "";""A Kmetijstvo"," gozdarstvo in ribištvo"";2.4;1.3;1.4;3.1;2.2;0.8;3.7;6.9;4.0;4.6;2.0;3.0;4.1;2.7;6.8",,
" ;"" "";""BCDE Predelovalne dejavnosti"," rudarstvo in druga industrija"";22.9;17.0;12.2;26.2;27.2;14.1;30.5;27.1;40.2;40.0;36.5;32.6;36.8;22.8;22.4",,
" ;"" "";""..od tega: C Predelovalne dejavnosti"";18.8;14.5;9.7;22.4;24.9;11.8;24.3;25.6;39.1;16.8;22.8;25.0;30.2;18.4;19.8",,,
" ;"" "";""F Gradbeništvo"";7.9;7.5;10.0;10.6;7.7;6.6;8.5;10.1;6.9;7.5;7.1;9.3;6.4;8.6;9.9",,,
" ;"" "";""GHI Trgovina", gostinstvo," promet"";20.4;22.8;35.2;16.2;23.2;21.7;17.4;17.9;14.0;14.9;16.1;20.0;15.0;17.6;18.4",
" ;"" "";""J Informacijske in komunikacijske dejavnosti"";3.9;5.6;2.0;1.6;1.9;7.6;1.7;0.7;1.0;0.5;1.4;1.6;1.3;2.8;1.6",,,
" ;"" "";""K Finanène in zavarovalniške dejavnosti"";5.1;6.3;6.1;3.5;3.0;7.5;3.6;2.5;2.5;1.9;2.4;2.9;2.6;5.7;2.7",,,
" ;"" "";""L Poslovanje z nepremièninami"";8.4;7.3;7.9;8.8;10.2;6.4;9.8;12.0;8.6;9.0;10.6;8.8;10.2;10.1;12.8",,,
" ;"" "";""MN Strokovne", znanstvene," tehniène in druge posl. dejavnosti"";8.9;10.4;6.7;6.4;6.6;12.4;7.0;4.8;7.5;4.9;7.6;5.8;4.6;9.6;4.7",
" ;"" "";""OPQ Uprava in obramba", obv. soc. varnost, izob.," zdravstvo"";17.3;18.2;14.5;14.7;15.6;19.8;16.2;16.7;14.2;15.5;14.8;14.4;16.9;17.8;18.9"
" ;"" "";""RSTU Druge dejavnosti"";2.8;3.6;4.1;9.1;2.4;3.0;1.7;1.2;1.0;1.3;1.6;1.7;2.1;2.2;1.7",,,
2010,,,
" ;""Mio EUR (fiksni teèaj 2007)""",,,
" ;"" "";""Skupaj dejavnosti"";30982;17426;1834;1696;2546;11351;13555;566;2001;902;454;3557;825;4067;1184",,,
" ;"" "";""A Kmetijstvo"," gozdarstvo in ribištvo"";770;239;26;55;59;99;531;40;86;45;10;113;36;118;83",,
" ;"" "";""BCDE Predelovalne dejavnosti"," rudarstvo in druga industrija"";7242;3029;225;467;727;1610;4213;161;817;356;169;1215;304;927;265",,
" ;"" "";""..od tega: C Predelovalne dejavnosti"";5955;2575;179;394;668;1333;3380;152;796;143;112;944;248;754;231",,,
" ;"" "";""F Gradbeništvo"";2017;1063;151;146;164;603;954;46;127;59;24;260;45;290;102",,,
" ;"" "";""GHI Trgovina", gostinstvo," promet"";6286;3924;656;268;559;2441;2362;102;279;134;76;722;123;704;223",
" ;"" "";""J Informacijske in komunikacijske dejavnosti"";1256;1009;35;30;54;891;247;5;19;4;5;60;11;123;20",,,
" ;"" "";""K Finanène in zavarovalniške dejavnosti"";1730;1203;121;62;92;927;528;16;53;19;10;110;24;260;36",,,
" ;"" "";""L Poslovanje z nepremièninami"";2507;1231;135;142;245;709;1277;65;163;81;49;300;82;394;143",,,
" ;"" "";""MN Strokovne", znanstvene," tehniène in druge posl. dejavnosti"";2837;1878;126;112;179;1461;959;28;146;47;35;199;39;409;57",
" ;"" "";""OPQ Uprava in obramba", obv. soc. varnost, izob.," zdravstvo"";5480;3225;285;260;403;2277;2256;97;289;144;69;523;144;755;236"
" ;"" "";""RSTU Druge dejavnosti"";856;626;74;154;64;334;230;7;22;13;6;55;19;88;20",,,
" ;""Struktura po regijah (Slovenija = 100%)""",,,
" ;"" "";""Skupaj dejavnosti"";100.0;56.2;5.9;5.5;8.2;36.6;43.8;1.8;6.5;2.9;1.5;11.5;2.7;13.1;3.8",,,
" ;"" "";""A Kmetijstvo"," gozdarstvo in ribištvo"";100.0;31.1;3.4;7.1;7.7;12.9;68.9;5.2;11.2;5.8;1.3;14.7;4.6;15.3;10.8",,
" ;"" "";""BCDE Predelovalne dejavnosti"," rudarstvo in druga industrija"";100.0;41.8;3.1;6.5;10.0;22.2;58.2;2.2;11.3;4.9;2.3;16.8;4.2;12.8;3.7",,
" ;"" "";""..od tega: C Predelovalne dejavnosti"";100.0;43.2;3.0;6.6;11.2;22.4;56.8;2.6;13.4;2.4;1.9;15.9;4.2;12.7;3.9",,,
" ;"" "";""F Gradbeništvo"";100.0;52.7;7.5;7.2;8.1;29.9;47.3;2.3;6.3;2.9;1.2;12.9;2.2;14.4;5.1",,,
" ;"" "";""GHI Trgovina", gostinstvo," promet"";100.0;62.4;10.4;4.3;8.9;38.8;37.6;1.6;4.4;2.1;1.2;11.5;2.0;11.2;3.5",
" ;"" "";""J Informacijske in komunikacijske dejavnosti"";100.0;80.4;2.8;2.4;4.3;70.9;19.6;0.4;1.5;0.4;0.4;4.7;0.9;9.8;1.6",,,
" ;"" "";""K Finanène in zavarovalniške dejavnosti"";100.0;69.5;7.0;3.6;5.3;53.6;30.5;0.9;3.1;1.1;0.6;6.3;1.4;15.0;2.1",,,
" ;"" "";""L Poslovanje z nepremièninami"";100.0;49.1;5.4;5.6;9.8;28.3;50.9;2.6;6.5;3.2;2.0;12.0;3.3;15.7;5.7",,,
" ;"" "";""MN Strokovne", znanstvene," tehniène in druge posl. dejavnosti"";100.0;66.2;4.5;3.9;6.3;51.5;33.8;1.0;5.1;1.7;1.2;7.0;1.4;14.4;2.0",
" ;"" "";""OPQ Uprava in obramba", obv. soc. varnost, izob.," zdravstvo"";100.0;58.8;5.2;4.7;7.3;41.6;41.2;1.8;5.3;2.6;1.3;9.5;2.6;13.8;4.3"
" ;"" "";""RSTU Druge dejavnosti"";100.0;73.1;8.6;17.9;7.5;39.0;26.9;0.8;2.6;1.5;0.8;6.5;2.2;10.3;2.3",,,
" ;""Struktura po dejavnostih (%)""",,,
" ;"" "";""Skupaj dejavnosti"";100.0;100.0;100.0;100.0;100.0;100.0;100.0;100.0;100.0;100.0;100.0;100.0;100.0;100.0;100.0",,,
" ;"" "";""A Kmetijstvo"," gozdarstvo in ribištvo"";2.5;1.4;1.4;3.2;2.3;0.9;3.9;7.1;4.3;5.0;2.2;3.2;4.3;2.9;7.0",,
" ;"" "";""BCDE Predelovalne dejavnosti"," rudarstvo in druga industrija"";23.4;17.4;12.3;27.6;28.5;14.2;31.1;28.4;40.8;39.5;37.3;34.2;36.8;22.8;22.4",,
" ;"" "";""..od tega: C Predelovalne dejavnosti"";19.2;14.8;9.8;23.2;26.2;11.7;24.9;26.9;39.8;15.8;24.7;26.5;30.0;18.5;19.5",,,
" ;"" "";""F Gradbeništvo"";6.5;6.1;8.2;8.6;6.4;5.3;7.0;8.0;6.3;6.6;5.4;7.3;5.5;7.1;8.6",,,
" ;"" "";""GHI Trgovina", gostinstvo," promet"";20.3;22.5;35.8;15.8;22.0;21.5;17.4;18.0;13.9;14.9;16.6;20.3;14.9;17.3;18.8",
" ;"" "";""J Informacijske in komunikacijske dejavnosti"";4.1;5.8;1.9;1.7;2.1;7.8;1.8;0.8;1.0;0.5;1.2;1.7;1.3;3.0;1.6",,,
" ;"" "";""K Finanène in zavarovalniške dejavnosti"";5.6;6.9;6.6;3.7;3.6;8.2;3.9;2.9;2.7;2.1;2.3;3.1;2.9;6.4;3.0",,,
" ;"" "";""L Poslovanje z nepremièninami"";8.1;7.1;7.4;8.3;9.6;6.2;9.4;11.4;8.1;9.0;10.9;8.4;10.0;9.7;12.1",,,
" ;"" "";""MN Strokovne", znanstvene," tehniène in druge posl. dejavnosti"";9.2;10.8;6.9;6.6;7.0;12.9;7.1;4.9;7.3;5.2;7.7;5.6;4.7;10.0;4.8",
" ;"" "";""OPQ Uprava in obramba", obv. soc. varnost, izob.," zdravstvo"";17.7;18.5;15.5;15.3;15.8;20.1;16.6;17.2;14.4;16.0;15.1;14.7;17.4;18.6;19.9"
" ;"" "";""RSTU Druge dejavnosti"";2.8;3.6;4.0;9.1;2.5;2.9;1.7;1.2;1.1;1.4;1.4;1.6;2.2;2.2;1.7",,,
2011,,,
" ;""Mio EUR (fiksni teèaj 2007)""",,,
" ;"" "";""Skupaj dejavnosti"";31531;17624;1823;1699;2602;11500;13907;571;2029;933;454;3666;863;4149;1242",,,
" ;"" "";""A Kmetijstvo"," gozdarstvo in ribištvo"";877;269;29;64;66;110;608;42;99;52;12;130;41;137;95",,
" ;"" "";""BCDE Predelovalne dejavnosti"," rudarstvo in druga industrija"";7701;3211;227;473;811;1701;4490;168;844;382;177;1307;336;986;289",,
" ;"" "";""..od tega: C Predelovalne dejavnosti"";6369;2750;182;401;753;1415;3619;159;823;150;113;1022;283;812;255",,,
" ;"" "";""F Gradbeništvo"";1887;977;139;138;153;548;910;32;123;59;25;251;47;266;107",,,
" ;"" "";""GHI Trgovina", gostinstvo," promet"";6469;4031;654;275;561;2541;2438;115;290;136;68;739;127;730;233",
" ;"" "";""J Informacijske in komunikacijske dejavnosti"";1286;1027;35;31;56;905;258;5;20;5;6;61;11;128;22",,,
" ;"" "";""K Finanène in zavarovalniške dejavnosti"";1608;1121;118;55;78;869;487;16;51;16;8;101;21;238;36",,,
" ;"" "";""L Poslovanje z nepremièninami"";2439;1197;131;137;240;689;1242;62;157;79;46;293;80;384;140",,,
" ;"" "";""MN Strokovne", znanstvene," tehniène in druge posl. dejavnosti"";2863;1900;137;113;178;1472;963;31;135;43;37;203;40;418;57",
" ;"" "";""OPQ Uprava in obramba", obv. soc. varnost, izob.," zdravstvo"";5545;3265;278;263;393;2332;2280;93;288;148;69;523;141;775;242"
" ;"" "";""RSTU Druge dejavnosti"";856;624;75;149;66;334;232;7;23;12;6;57;18;88;20",,,
" ;""Struktura po regijah (Slovenija = 100%)""",,,
" ;"" "";""Skupaj dejavnosti"";100.0;55.9;5.8;5.4;8.3;36.5;44.1;1.8;6.4;3.0;1.4;11.6;2.7;13.2;3.9",,,
" ;"" "";""A Kmetijstvo"," gozdarstvo in ribištvo"";100.0;30.7;3.4;7.3;7.5;12.5;69.3;4.8;11.2;6.0;1.3;14.8;4.7;15.6;10.8",,
" ;"" "";""BCDE Predelovalne dejavnosti"," rudarstvo in druga industrija"";100.0;41.7;3.0;6.1;10.5;22.1;58.3;2.2;11.0;5.0;2.3;17.0;4.4;12.8;3.8",,
" ;"" "";""..od tega: C Predelovalne dejavnosti"";100.0;43.2;2.9;6.3;11.8;22.2;56.8;2.5;12.9;2.4;1.8;16.0;4.4;12.8;4.0",,,
" ;"" "";""F Gradbeništvo"";100.0;51.8;7.4;7.3;8.1;29.0;48.2;1.7;6.5;3.1;1.3;13.3;2.5;14.1;5.6",,,
" ;"" "";""GHI Trgovina", gostinstvo," promet"";100.0;62.3;10.1;4.3;8.7;39.3;37.7;1.8;4.5;2.1;1.1;11.4;2.0;11.3;3.6",
" ;"" "";""J Informacijske in komunikacijske dejavnosti"";100.0;79.9;2.7;2.4;4.4;70.4;20.1;0.4;1.5;0.4;0.5;4.8;0.9;10.0;1.7",,,
" ;"" "";""K Finanène in zavarovalniške dejavnosti"";100.0;69.7;7.3;3.4;4.9;54.1;30.3;1.0;3.2;1.0;0.5;6.3;1.3;14.8;2.2",,,
" ;"" "";""L Poslovanje z nepremièninami"";100.0;49.1;5.4;5.6;9.8;28.2;50.9;2.6;6.4;3.3;1.9;12.0;3.3;15.7;5.7",,,
" ;"" "";""MN Strokovne", znanstvene," tehniène in druge posl. dejavnosti"";100.0;66.4;4.8;4.0;6.2;51.4;33.6;1.1;4.7;1.5;1.3;7.1;1.4;14.6;2.0",
" ;"" "";""OPQ Uprava in obramba", obv. soc. varnost, izob.," zdravstvo"";100.0;58.9;5.0;4.7;7.1;42.1;41.1;1.7;5.2;2.7;1.2;9.4;2.5;14.0;4.4"
" ;"" "";""RSTU Druge dejavnosti"";100.0;72.9;8.7;17.4;7.7;39.1;27.1;0.8;2.6;1.4;0.7;6.7;2.2;10.2;2.4",,,
" ;""Struktura po dejavnostih (%)""",,,
" ;"" "";""Skupaj dejavnosti"";100.0;100.0;100.0;100.0;100.0;100.0;100.0;100.0;100.0;100.0;100.0;100.0;100.0;100.0;100.0",,,
" ;"" "";""A Kmetijstvo"," gozdarstvo in ribištvo"";2.8;1.5;1.6;3.8;2.5;1.0;4.4;7.4;4.9;5.6;2.6;3.6;4.8;3.3;7.6",,
" ;"" "";""BCDE Predelovalne dejavnosti"," rudarstvo in druga industrija"";24.4;18.2;12.5;27.8;31.1;14.8;32.3;29.3;41.6;41.0;39.0;35.7;39.0;23.8;23.3",,
" ;"" "";""..od tega: C Predelovalne dejavnosti"";20.2;15.6;10.0;23.6;28.9;12.3;26.0;27.9;40.6;16.1;25.0;27.9;32.8;19.6;20.6",,,
" ;"" "";""F Gradbeništvo"";6.0;5.5;7.6;8.1;5.9;4.8;6.5;5.6;6.1;6.3;5.4;6.8;5.4;6.4;8.6",,,
" ;"" "";""GHI Trgovina", gostinstvo," promet"";20.5;22.9;35.9;16.2;21.6;22.1;17.5;20.2;14.3;14.6;15.1;20.2;14.7;17.6;18.8",
" ;"" "";""J Informacijske in komunikacijske dejavnosti"";4.1;5.8;1.9;1.8;2.2;7.9;1.9;0.9;1.0;0.5;1.3;1.7;1.3;3.1;1.8",,,
" ;"" "";""K Finanène in zavarovalniške dejavnosti"";5.1;6.4;6.5;3.3;3.0;7.6;3.5;2.8;2.5;1.8;1.8;2.8;2.4;5.7;2.9",,,
" ;"" "";""L Poslovanje z nepremièninami"";7.7;6.8;7.2;8.1;9.2;6.0;8.9;10.9;7.7;8.5;10.1;8.0;9.3;9.3;11.3",,,
" ;"" "";""MN Strokovne", znanstvene," tehniène in druge posl. dejavnosti"";9.1;10.8;7.5;6.7;6.8;12.8;6.9;5.4;6.6;4.6;8.1;5.5;4.7;10.1;4.6",
" ;"" "";""OPQ Uprava in obramba", obv. soc. varnost, izob.," zdravstvo"";17.6;18.5;15.2;15.5;15.1;20.3;16.4;16.3;14.2;15.9;15.2;14.3;16.3;18.7;19.5"
" ;"" "";""RSTU Druge dejavnosti"";2.7;3.5;4.1;8.8;2.5;2.9;1.7;1.2;1.1;1.3;1.4;1.6;2.1;2.1;1.6",,,
2012,,,
" ;""Mio EUR (fiksni teèaj 2007)""",,,
" ;"" "";""Skupaj dejavnosti"";30708;17188;1703;1633;2549;11303;13520;547;1958;914;420;3564;859;4034;1224",,,
" ;"" "";""A Kmetijstvo"," gozdarstvo in ribištvo"";827;254;27;59;62;106;573;38;99;48;11;117;41;128;91",,
" ;"" "";""BCDE Predelovalne dejavnosti"," rudarstvo in druga industrija"";7725;3267;224;475;808;1760;4458;166;825;375;167;1310;342;987;287",,
" ;"" "";""..od tega: C Predelovalne dejavnosti"";6396;2803;179;399;749;1475;3594;158;805;151;111;1025;285;805;255",,,
" ;"" "";""F Gradbeništvo"";1822;907;114;114;143;536;916;29;129;64;22;240;46;267;119",,,
" ;"" "";""GHI Trgovina", gostinstvo," promet"";6272;3940;621;267;563;2489;2332;107;270;132;56;713;128;703;222",
" ;"" "";""J Informacijske in komunikacijske dejavnosti"";1312;1056;34;33;57;932;256;5;20;4;7;63;11;123;22",,,
" ;"" "";""K Finanène in zavarovalniške dejavnosti"";1371;960;106;46;71;736;411;15;43;18;7;82;18;198;30",,,
" ;"" "";""L Poslovanje z nepremièninami"";2305;1128;124;132;227;645;1177;59;151;76;41;279;76;362;133",,,
" ;"" "";""MN Strokovne", znanstvene," tehniène in druge posl. dejavnosti"";2781;1835;121;112;176;1426;946;34;122;46;37;198;43;405;62",
" ;"" "";""OPQ Uprava in obramba", obv. soc. varnost, izob.," zdravstvo"";5464;3239;265;259;380;2335;2225;87;276;139;67;506;135;777;239"
" ;"" "";""RSTU Druge dejavnosti"";829;603;66;137;62;337;226;8;23;12;6;56;18;83;19",,,
" ;""Struktura po regijah (Slovenija = 100%)""",,,
" ;"" "";""Skupaj dejavnosti"";100.0;56.0;5.5;5.3;8.3;36.8;44.0;1.8;6.4;3.0;1.4;11.6;2.8;13.1;4.0",,,
" ;"" "";""A Kmetijstvo"," gozdarstvo in ribištvo"";100.0;30.7;3.3;7.1;7.5;12.8;69.3;4.6;12.0;5.8;1.3;14.2;4.9;15.5;11.0",,
" ;"" "";""BCDE Predelovalne dejavnosti"," rudarstvo in druga industrija"";100.0;42.3;2.9;6.1;10.5;22.8;57.7;2.1;10.7;4.9;2.2;17.0;4.4;12.8;3.7",,
" ;"" "";""..od tega: C Predelovalne dejavnosti"";100.0;43.8;2.8;6.2;11.7;23.1;56.2;2.5;12.6;2.4;1.7;16.0;4.5;12.6;4.0",,,
" ;"" "";""F Gradbeništvo"";100.0;49.8;6.3;6.2;7.9;29.4;50.2;1.6;7.1;3.5;1.2;13.2;2.5;14.7;6.5",,,
" ;"" "";""GHI Trgovina", gostinstvo," promet"";100.0;62.8;9.9;4.3;9.0;39.7;37.2;1.7;4.3;2.1;0.9;11.4;2.0;11.2;3.5",
" ;"" "";""J Informacijske in komunikacijske dejavnosti"";100.0;80.5;2.6;2.5;4.3;71.1;19.5;0.4;1.5;0.3;0.5;4.8;0.9;9.4;1.7",,,
" ;"" "";""K Finanène in zavarovalniške dejavnosti"";100.0;70.0;7.8;3.4;5.2;53.7;30.0;1.1;3.1;1.3;0.5;6.0;1.3;14.4;2.2",,,
" ;"" "";""L Poslovanje z nepremièninami"";100.0;48.9;5.4;5.7;9.8;28.0;51.1;2.6;6.5;3.3;1.8;12.1;3.3;15.7;5.8",,,
" ;"" "";""MN Strokovne", znanstvene," tehniène in druge posl. dejavnosti"";100.0;66.0;4.3;4.0;6.3;51.3;34.0;1.2;4.4;1.6;1.3;7.1;1.6;14.6;2.2",
" ;"" "";""OPQ Uprava in obramba", obv. soc. varnost, izob.," zdravstvo"";100.0;59.3;4.9;4.7;7.0;42.7;40.7;1.6;5.0;2.5;1.2;9.3;2.5;14.2;4.4"
" ;"" "";""RSTU Druge dejavnosti"";100.0;72.7;8.0;16.5;7.5;40.7;27.3;1.0;2.8;1.5;0.7;6.8;2.2;10.1;2.3",,,
" ;""Struktura po dejavnostih (%)""",,,
" ;"" "";""Skupaj dejavnosti"";100.0;100.0;100.0;100.0;100.0;100.0;100.0;100.0;100.0;100.0;100.0;100.0;100.0;100.0;100.0",,,
" ;"" "";""A Kmetijstvo"," gozdarstvo in ribištvo"";2.7;1.5;1.6;3.6;2.4;0.9;4.2;7.0;5.1;5.3;2.5;3.3;4.7;3.2;7.5",,
" ;"" "";""BCDE Predelovalne dejavnosti"," rudarstvo in druga industrija"";25.2;19.0;13.1;29.1;31.7;15.6;33.0;30.3;42.2;41.0;39.7;36.8;39.8;24.5;23.4",,
" ;"" "";""..od tega: C Predelovalne dejavnosti"";20.8;16.3;10.5;24.4;29.4;13.1;26.6;28.8;41.1;16.5;26.5;28.7;33.2;20.0;20.8",,,
" ;"" "";""F Gradbeništvo"";5.9;5.3;6.7;7.0;5.6;4.7;6.8;5.3;6.6;7.0;5.2;6.7;5.4;6.6;9.7",,,
" ;"" "";""GHI Trgovina", gostinstvo," promet"";20.4;22.9;36.4;16.3;22.1;22.0;17.2;19.5;13.8;14.5;13.4;20.0;14.9;17.4;18.2",
" ;"" "";""J Informacijske in komunikacijske dejavnosti"";4.3;6.1;2.0;2.0;2.2;8.2;1.9;0.9;1.0;0.5;1.6;1.8;1.3;3.1;1.8",,,
" ;"" "";""K Finanène in zavarovalniške dejavnosti"";4.5;5.6;6.2;2.8;2.8;6.5;3.0;2.7;2.2;1.9;1.6;2.3;2.1;4.9;2.5",,,
" ;"" "";""L Poslovanje z nepremièninami"";7.5;6.6;7.3;8.1;8.9;5.7;8.7;10.8;7.7;8.3;9.9;7.8;8.9;9.0;10.8",,,
" ;"" "";""MN Strokovne", znanstvene," tehniène in druge posl. dejavnosti"";9.1;10.7;7.1;6.8;6.9;12.6;7.0;6.2;6.2;5.0;8.8;5.6;5.1;10.0;5.0",
" ;"" "";""OPQ Uprava in obramba", obv. soc. varnost, izob.," zdravstvo"";17.8;18.8;15.6;15.9;14.9;20.7;16.5;15.9;14.1;15.2;15.9;14.2;15.7;19.3;19.5"
" ;"" "";""RSTU Druge dejavnosti"";2.7;3.5;3.9;8.4;2.4;3.0;1.7;1.5;1.2;1.3;1.4;1.6;2.1;2.1;1.6",,,
,,,
''Mio EUR (fiksni teèaj 2007)'' je dobljen s preraèunom podatkov pred ,,,
"letom 2007 po fiksnem menjalnem teèaju 239,64 SIT/EUR. ",,,
Tabela z natanènejšimi podatki (veèje število decimalnih mest) je ,,,
objavljena kot ,,,
(http://www.stat.si/tema_ekonomsko_nacionalni_bdpreg.asp ,,,
TARGET=_blank) Excel datoteka. ,,,
Vir: Statistièni urad Republike Slovenije.,,,
,,,
Povezave: ,,,
- (seznam HREF=http://www.stat.si/doc/metod_pojasnila/03-092-MP.htm ,,,
target=_blank) Metodološka pojasnila ,,,
- (seznam ,,,
HREF=http://www.stat.si/koledar.asp?pod=3&kon=092&DatumOd=1.1.2005&Da-,,,
tumDo=Date() target=_blank) Koledar objav ,,,
 ,,,
